company,industry,leadership,communication,logical,creativity,execution,url,strength
ベネッセホールディングス,教育・IT,5,5,4,5,4,https://www.benesse-hd.co.jp/,"通信教育・学校教育・介護など、教育・生活領域を横断した事業ポートフォリオを持つ点が強みで、長年蓄積した学習データとコンテンツ開発力により、個人に合わせたサービス提供ができます。"
両備ホールディングス,運輸・物流,5,4,4,4,5,https://www.ryobi-holdings.jp/,"バス・鉄道・不動産・ITなど多角的な事業を展開し、地域インフラを総合的に支えている点が強みで、公共交通を軸にした安定した収益基盤と、地域密着の経営姿勢が特徴です。"
両備システムズ,IT,4,3,5,4,5,https://www.ryobi.co.jp/,"自治体・公共分野向けシステムに強みを持ち、業務知識とIT技術を組み合わせたソリューション提供ができる点が特徴で、地域密着のサポート体制と、長年の導入実績による信頼性が高いです。"
中国銀行,金融,4,5,5,3,4,https://www.chugin.co.jp/,"岡山を中心とした地域金融機関として、地元企業とのネットワークと情報力が強みであり、地域経済に根ざした融資・コンサルティングを行い、中小企業支援に力を入れています。"
トマト銀行,金融,4,5,4,3,4,https://www.tomatobank.co.jp/,"中小企業や個人向けのきめ細かな金融サービスに強みを持つ地域銀行。親しみやすいブランドと、地元密着の営業スタイルで顧客との関係性を重視しています。"
クラレ,化学,3,2,5,4,5,https://www.kuraray.co.jp/,"高機能樹脂や繊維など、世界シェアトップクラスの素材を複数持つ点が最大の強みで、独自技術に基づく高付加価値製品でグローバル展開しており、ニッチ分野での競争力が高いです。"
岡山村田製作所,電子部品,3,2,5,3,5,https://corporate.murata.com/ja-jp/group/okayamamurata,"村田製作所グループの一員として、電子部品の高い製造技術と品質管理力を持つ点が強みで、グローバルなサプライチェーンの一端を担い、安定した需要が見込めます。"
三菱自動車工業水島製作所,自動車,4,3,5,3,5,https://www.mitsubishi-motors.com/jp/,"三菱自動車の主要生産拠点の一つとして、多数の車種を量産できる生産能力が強みで、長年の自動車製造のノウハウと、グローバル市場向けの製品供給体制を持っています。"
大本組,建設,5,4,4,3,5,https://www.ohmoto.co.jp/,"土木・建築工事を幅広く手掛ける総合建設会社として、高い施工技術と豊富な実績を活かし、安全で高品質な社会インフラの整備に貢献しています。"
サンマルクホールディングス,外食,4,5,3,4,4,https://www.saint-marc-hd.com/,"ベーカリーレストランやカフェなど複数ブランドを展開し、自社製造のパンやスイーツを活かした商品力と店舗運営力を強みとしています。"
大黒天物産,小売,4,4,4,3,5,https://www.e-dkt.co.jp/,"ディスカウントストア「ラ・ムー」などを展開し、自社製造の惣菜やベーカリーを活かした低価格戦略と効率的な店舗運営を強みとしています。"
天満屋百貨店,百貨店,3,5,3,4,4,https://www.tenmaya.co.jp/,"地域に根差した百貨店として上質な商品と接客サービスを提供し、催事や地域との連携を通じて魅力ある店舗づくりを進めています。"
ナガセヴィータ株式会社,食品・研究開発,3,2,5,4,5,https://www.hayashibara.co.jp/,"酵素やバイオテクノロジーを活用した独自技術で食品・医薬品原料など幅広い分野へ高付加価値製品を提供し、研究開発を通じて新しい価値創出に挑戦できる企業です。"
山陽新聞社,メディア,3,5,4,4,4,https://www.sanyonews.jp/,"地域密着の報道に加えデジタルメディアやイベント事業も展開し、多様な情報発信を通じて岡山県の地域社会に貢献している企業です。"
RSKホールディングス,放送,3,5,3,4,4,https://www.rsk.co.jp/,"テレビ・ラジオ放送に加えてデジタルコンテンツやイベント事業も展開し、地域に密着した幅広い情報発信に取り組んでいます。"
岡山放送（OHK）,放送,3,5,3,4,4,https://www.ohk.co.jp/,"ニュースや情報番組、地域イベントを通じて岡山・香川の暮らしを支え、テレビ放送とデジタル配信の両面で地域へ情報を届けています。"
テレビせとうち（TSC）,放送,3,5,3,4,4,https://www.webtsc.com/,"地域密着の番組制作に加えて全国ネット番組にも携わり、幅広い業務を経験しながら成長できる環境があります。"
岡山トヨタ自動車販売,自動車販売,4,5,3,3,4,https://okayama-toyota.jp/,"トヨタ車の販売から整備・アフターサービスまで一貫して提供し、地域のお客様との長期的な信頼関係を大切にした事業を展開しています。"
ネッツトヨタ岡山,自動車販売,4,5,3,3,4,https://www.netzokayama.com/,"お客様一人ひとりに合わせたカーライフの提案と充実したアフターサービスを通じて地域に根差した信頼を築いています。"
ザグザグ,ドラッグストア,4,4,3,3,5,https://www.zagzag.co.jp/,"医薬品・化粧品・食品を幅広く取り扱い、地域住民の健康を支えるドラッグストアとして接客力と専門知識を生かしたサービスを提供しています。"
ナイカイ塩業,化学,3,2,4,2,5,https://www.naikai.co.jp/,"長年培った製塩技術を基盤に食塩や工業用塩などを安定供給し、品質管理を徹底したものづくりで社会を支えています。"
カモ井加工紙,製造,3,3,4,5,4,https://www.kamoi-net.co.jp/,"工業用粘着テープの技術を活かして『mt』ブランドを展開し、機能性とデザイン性を兼ね備えた製品で国内外から高い評価を得ています。"
JFEスチール西日本製鉄所,鉄鋼,3,2,5,2,5,https://www.jfe-steel.co.jp/,"世界トップクラスの製鉄技術を活かして高品質な鋼材を製造し、自動車や建築、インフラを支えるとともに環境負荷低減にも取り組んでいます。"
日本エクスラン工業,化学,3,2,5,2,5,https://www.exlan.co.jp/,"独自のアクリル繊維技術を活かして高機能繊維を開発・製造し、品質管理と技術力を強みに幅広い産業分野へ製品を提供しています。"
萩原工業,製造,3,3,4,3,5,https://www.hagiwara.co.jp/,"合成樹脂加工技術を活かしてブルーシートや産業資材を国内外へ展開し、高品質な製品づくりと安定した生産体制を強みとしています。"
エイト日本技術開発,建設コンサル,4,4,5,3,5,https://www.eit.co.jp/,"建設コンサルタントとして調査・設計・防災・インフラ維持管理まで幅広く手掛け、高い技術力で社会インフラを支えています。"
タカヤ,電子機器,3,3,5,3,4,https://www.takaya.co.jp/,"電子機器や産業用装置の開発・製造に加えICT分野にも事業を展開し、設計から製造まで一貫した技術力を強みとしています。"
ローム・ワコー,半導体,3,2,5,3,5,https://www.rohm.co.jp/,"半導体製造における高度な生産技術と品質管理を強みに、自動車や産業機器向けの高品質な半導体製品の製造を担っています。"
オハヨー乳業,食品,3,4,4,3,5,https://www.ohayo-milk.co.jp/,"独自の商品開発力を活かした乳製品やデザートで全国へ商品を展開し、安全・安心な品質管理と挑戦を続ける企業です。"
源吉兆庵,食品,3,5,3,4,4,https://www.kitchoan.co.jp/,"四季を感じられる和菓子づくりと品質へのこだわりを大切にし、国内外へ日本の和菓子文化を発信しています。"
クラボウ,繊維・化学,3,2,5,3,5,https://www.kurabo.co.jp/,"繊維事業で培った技術を基盤に化学・エレクトロニクス・環境分野へ事業を展開し、高い研究開発力で新たな価値を創出しています。"
カバヤ食品,食品,3,4,3,4,4,https://www.kabaya.co.jp/,"お菓子づくりを通じて独自の商品開発と品質へのこだわりを追求し、多くの世代に親しまれる商品を全国へ届けています。"
サンラヴィアン,食品,2,3,3,3,5,https://www.sunlavian.co.jp/,"洋菓子メーカーとしてOEM製造と自社ブランド商品の両方を展開し、安全で高品質な製品づくりを強みとしています。"
山田養蜂場,食品・通販,4,5,4,4,4,https://www.3838.com/,"ミツバチ産品を活用した健康食品や化粧品を研究開発から通信販売まで一貫して展開し、お客様との信頼関係を大切にしています。"
岡山木村屋,食品,3,4,3,3,5,https://www.kimuraya.co.jp/,"長年培った製パン技術を活かし、地域に親しまれるパンづくりと品質管理を徹底して安全でおいしい商品を提供しています。"
エフピコ,容器,4,3,5,3,5,https://www.fpco.jp/,"食品トレーのリサイクルシステムを業界に先駆けて構築し、環境配慮と高品質な製品開発で食品包装業界を支えています。"
タイガーマシン製作所,機械,3,3,4,3,5,https://www.tiger-m.co.jp/,"コンクリート製品製造設備の開発から製造・販売まで一貫して行い、高い技術力でものづくりを支えています。"
アチハ石灰化工,化学,2,2,4,2,5,https://www.achiha.co.jp/,"石灰製品の製造で培った技術と品質管理を強みに、建設・製造業など幅広い分野へ安定した製品を供給しています。"
片山工業,自動車部品,3,3,4,2,5,https://www.katayamakogyo.com/company/profile,"自動車用樹脂部品や金型の開発から製造まで一貫して手掛け、高品質なものづくりで国内外の自動車産業を支えています。"
冨士ベークライト株式会社,自動車部品,3,3,5,2,5,https://www.fujibake.com/,"熱硬化性樹脂の成形技術を活かした精密部品の製造を強みとし、自動車や電気機器分野へ高品質な製品を供給しています。"
オーユーシステム,IT,3,3,5,3,4,https://www.oysystem.co.jp/,"物流・販売管理システムを中心に企業の業務効率化を支援し、業界に特化したシステム開発力を強みとしています。"
システムタイズ,IT,3,3,5,3,4,https://www.systemties.co.jp/,"ソフトウェア開発からシステム導入・保守まで一貫して提供し、顧客の課題解決に寄り添うITサービスを展開しています。"
山陽電子工業株式会社,IT,3,3,5,3,4,https://www.sdk-kk.co.jp/,"制御システムやソフトウェアの開発を通じて産業分野の自動化を支え、高い技術力で顧客の課題解決に取り組んでいます。"
トスコ,IT,4,3,5,3,4,https://www.tosco.co.jp/,"システム開発からインフラ構築、運用保守まで幅広いITソリューションを提供し、高い技術力で企業のDX推進を支援しています。"
ビズ・クリエイション,Web,4,4,4,5,4,https://www.biz-creation.co.jp/,"Webマーケティングや住宅関連メディアの運営を通じて企業の集客や販促を支援し、企画力とデジタル技術を活かしたサービスを提供しています。"
岡山ガス,インフラ,3,3,4,2,5,https://www.okagas.co.jp/,"都市ガスの安定供給を通じて地域の暮らしと産業を支え、省エネルギーや環境負荷低減にも積極的に取り組んでいます。"
水島臨海鉄道,鉄道,3,3,3,2,5,https://www.mizurin.co.jp/,"旅客輸送と貨物輸送の両面で地域産業を支え、安全運行と安定した物流サービスの提供に取り組んでいます。"
中電工,設備工事,4,3,4,2,5,https://www.chudenko.co.jp/,"電気・空調・情報通信設備の設計から施工・保守まで一貫して手掛け、高い技術力で社会インフラを支えています。"
おかやま信用金庫,金融,3,5,4,2,4,https://www.okashin.co.jp/,"地域密着型の金融機関として中小企業や個人のお客様を支え、金融サービスを通じて地域経済の発展に貢献しています。"
玉島信用金庫,金融,3,5,4,2,4,https://www.tamashin.jp/,"地域のお客様との信頼関係を大切にし、金融サービスや経営支援を通じて地域社会の活性化に取り組んでいます。"
備前日生信用金庫,金融,3,5,4,2,4,https://www.hinase-shinkin.jp/,"地域密着の金融サービスを提供し、中小企業や地域住民への支援を通じて持続可能な地域づくりに貢献しています。"
荒木組,建設,4,4,4,2,5,https://www.arakigumi.co.jp/,"建築・土木工事を幅広く手掛け、確かな施工技術と品質管理を強みに地域のまちづくりに貢献しています。"
蜂谷工業,建設,4,4,4,2,5,https://www.hachiya.co.jp/,"公共施設や商業施設など多様な建築工事を手掛け、高品質な施工と安全管理で地域社会を支えています。"
重藤組,建設,4,4,4,2,5,https://www.shigetogumi.co.jp/,"総合建設会社として土木・建築工事を通じて地域インフラを支え、安全で高品質な施工を強みとしています。"
梶岡建設,建設,4,4,4,2,5,https://www.kajioka.co.jp/,"公共工事から民間建築まで幅広く手掛け、長年培った施工技術と品質へのこだわりで地域社会に貢献しています。"
アイサワ工業,建設,4,4,4,2,5,https://www.aisawa.co.jp/,"国内外で土木・建築事業を展開し、高い技術力と豊富な施工実績を活かして社会インフラの整備に取り組んでいます。"
ハローズ,小売,4,4,3,3,5,https://www.halows.com/,"24時間営業を特徴とする食品スーパーマーケットを展開し、地域に密着した店舗運営と効率的な物流体制を強みとしています。"
仁科百貨店,小売,3,4,3,2,5,https://www.nishina.co.jp/,"地域密着型スーパーマーケットとして新鮮な食品と安心できるサービスを提供し、地域住民の暮らしを支えています。"
マルイ,小売,3,4,3,2,5,https://www.maruilife.co.jp/company,"岡山県北部を中心に食品スーパーマーケットを展開し、地域に根差した店舗づくりときめ細かなサービスを提供しています。"
グランドマート,小売,3,4,3,2,5,https://www.grandmart.co.jp/,"地域のお客様に新鮮な食品と便利な買い物環境を提供し、地域密着型の店舗運営を大切にしています。"
はるやまホールディングス,小売,4,5,3,3,4,https://www.haruyama.jp/,"ビジネスウェアを中心に多様な商品を展開し、お客様一人ひとりに合わせた提案力と接客力を強みとしています。"
トヨタL&F岡山,物流機器,4,4,3,2,4,https://toyota-lf-okayama.jp/,"フォークリフトをはじめとする物流機器の販売から保守まで一貫して提供し、物流現場の効率化を支えています。"
岡山日野自動車,自動車,4,5,3,2,4,https://www.okayama-hino.co.jp/,"トラックやバスの販売から整備・アフターサービスまで一貫して提供し、物流や地域交通を支えています。"
ビザビ,Web制作,3,5,3,5,4,https://www.vis-a-vis.co.jp/,"Web制作や広告、ブランディングを通じて企業の課題解決を支援し、企画力とデザイン力を活かしたサービスを提供しています。"
岡山製紙,製紙,2,2,4,2,5,https://okayamaseishi.co.jp/,"古紙を有効活用した板紙製品の製造を通じて環境負荷の低減に取り組み、高品質な製品を安定供給しています。"
天満屋ストア,小売,3,4,3,2,5,https://www.tenmaya-store.co.jp/,"地域密着型のスーパーマーケットを展開し、安全・安心な商品ときめ細かなサービスで地域の暮らしを支えています。"
岡山県貨物運送,物流,4,4,3,2,5,https://www.okakenunso.co.jp/,"全国規模の物流ネットワークを活かし、輸送から保管まで総合物流サービスを提供して企業活動を支えています。"
ウエスコホールディングス,建設コンサル,4,4,5,3,5,https://www.wesco.co.jp/,"測量・設計・地質調査など幅広い建設コンサルティングを手掛け、高い技術力で社会インフラの整備に貢献しています。"
チュチュアンナ,小売,3,4,3,4,4,https://www.chutcha.co.jp/,"靴下やインナーウェアを中心に企画・販売を行い、トレンドを取り入れた商品開発と店舗運営を強みとしています。"
イタミアート,製造・印刷,3,4,3,5,4,https://www.itamiarts.co.jp/,"のぼり旗や販促用品の企画・製造を一貫して行い、デザイン力と短納期対応で多様な顧客ニーズに応えています。"
タチエス,自動車,4,3,5,4,5,https://www.tachi-s.co.jp/,"高度な製造技術と品質管理を活かして精密部品の生産を行い、最先端のものづくりを支えています。"
パワーエレックス,電池,5,3,5,5,5,https://www.powerex.co.jp/,"産業用蓄電池や電源システムの開発・製造を通じて高性能なエネルギーソリューションを提供し、技術革新に挑戦しています。"

